Workbook
Name MY_FUNCTION1: LAMBDA(VALUE(MID(MID('Form responses 1'!$C$2,FIND("query=",'Form responses 1'!$C$2)+6,50),FIND("%2C",MID('Form responses 1'!$C$2,FIND("query=",'Form responses 1'!$C$2)+6,50))+3,50)))

Sheet Form responses 1
A1: Timestamp | B1: STORE NAME AND CONTACT PERSON | C1: PHONE NUMBER | D1: TIME | E1: PHOTOGRAPH | F1: TOBACCO PRODUCTS INTERESTED IN/THEY DEAL IN | G1: ORDER DETAILS IF CONVERTED | H1: CLICK THE LINK TO RECORD LOCATION. DID YOU RECORD THE LOCATION? | I1: STORE CATEGORY | J1: SR NAME | K1: REMARKS | L1: LEAD TYPE | M1: FOLLOW UP DATE | N1: STORE VISIT TYPE | O1: DATE | P1: ADMIN REMARKS | Q1: LATITUDE | R1: LONGITUDE
H2: YES | I2: HoReca | Q2: =IFERROR(VLOOKUP(#REF!,'Location Sheet'!C:G,4,FALSE),"") | R2: =IFERROR(VLOOKUP(#REF!,'LOCATION RESPONSES'!B:G,7,FALSE),"")
A3: 46002.611 | B3: Family supar market/ram pukar mahatu/R | C3: 8826049990 | D3: 0.61458333 | E3: https://drive.google.com/open?id=1LLp0DhHFSv7YQ9mS4SaARmc3ViSWnT60 | F3: CIGARETTE | G3: No ordar owner is not available | H3: YES | I3: MT
A4: 46002.627 | B4: Plu meriya mart/subol debnaght/R | C4: 7896424507 | D4: 0.62361111 | E4: https://drive.google.com/open?id=1XxQSaNs1isYtF8bjHlTzO59tX9fN8dRC | F4: CIGARETTE, CIGARS | G4: No ordar | H4: YES | I4: MT
A7: 46002.635 | B7: O Guwahati/Skar | C7: 8472050051 | D7: 0.62361111 | E7: https://drive.google.com/open?id=1K_ZdZpR9_1SY8AClbNjUhK6jInFJnPMM | F7: CIGARETTE | G7: They don't keep | H7: YES | I7: HoReca
A8: 46002.638 | B8: Quick shop/somita dey/R | C8: 6002195040 | D8: 0.63611111 | E8: https://drive.google.com/open?id=1Hl2DtrDuQfO4An7IkgEN6z7RaffCNzfK | F8: CIGARETTE | G8: No sell chegaret | H8: YES | I8: MT
A9: 46002.638 | B9: O Guwahati | C9: 9954746951 | D9: 0.13611111 | E9: https://drive.google.com/open?id=1xPSy6Vj5sNXQJAEnGrf9XxL_NNL2whbf | F9: CIGARETTE | G9: They do jot keep but has smoking area | H9: YES | I9: HoReca
A10: 46002.644 | B10: Ann agero/jintu boro/R | C10: 6003795097 | D10: 0.64305556 | E10: https://drive.google.com/open?id=1XGznTqBh5fTreux3oClMvKYXcwKeSI9P | F10: CIGARETTE | G10: Not sell chegaret | H10: YES | I10: MT
A11: 46002.648 | B11: Olive Garden/Skar | C11: 9619320927 | D11: 0.14583333 | E11: https://drive.google.com/open?id=1ZN-dd8iexg3Gd75xR0jMd1H8YTgfDnpy | F11: HOOKAH | G11: No cigarette | H11: YES | I11: HoReca
A12: 46002.661 | B12: Assam quick santer/sambhu naght shing/ | C12: 9706221712 | D12: 0.65972222 | E12: https://drive.google.com/open?id=1FEh-9zgkO8z8ONeGNoIGM44FeGx_JwjI | F12: CIGARETTE | G12: Not sell chegaret | H12: YES | I12: MT
A13: 46002.671 | B13: Socialite/Skar | C13: 9702506770 | D13: 0.66666667 | E13: https://drive.google.com/open?id=18qSe5Wd3HacYtFgVRcZ7gnT8NLu5KdCF | F13: HOOKAH | H13: YES | I13: HoReca
A14: 46002.698 | B14: Scottish House | C14: 9859578173 | D14: 0.68263889 | E14: https://drive.google.com/open?id=10XfVTRORZw61BCgQb8mR7czbgSuTvY9Q | F14: ZIPPO LIGHTERS | G14: They do not keep | H14: YES | I14: HoReca
A15: 46002.7 | B15: Kitchen n bar | C15: 843896453 | D15: 0.69861111 | E15: https://drive.google.com/open?id=1oXC-4xKmzVSR6iZy1Gz55hbq9A_neuDW | F15: ROLLING PAPERS | G15: They don't keep | H15: YES | I15: HoReca
A16: 46002.703 | B16: Smart pic/rajandra shing/R | C16: 9365423205 | D16: 0.70138889 | E16: https://drive.google.com/open?id=1-ZWZIzDWPkxbSnZrBHX_1W5iI1CRM6bj | F16: CIGARETTE | G16: Not selling chegaret | H16: YES | I16: MT
A17: 46002.704 | B17: Ascend/Skar | C17: 6003885766 | D17: 0.20277778 | E17: https://drive.google.com/open?id=1-6TUbVYhlowiGEiteCwuaIooBsIilLWm | F17: CIGARETTE, HOOKAH | G17: Box with samples | H17: YES | I17: HoReca
A18: 46002.711 | B18: Prince supar market/pranob juti deka/R | C18: 9435116686 | D18: 0.71111111 | E18: https://drive.google.com/open?id=1ZYjf2n4Kn9kREPlbMAtIGcBZWjJsasDQ | F18: CIGARETTE | G18: No menejar | H18: YES | I18: MT
A19: 46002.761 | B19: Attic/ Tushar | C19: 9435400105 | D19: 0.75347222 | E19: https://drive.google.com/open?id=13Af-bcQSIXCme07ywunPWbMdyqCsJRZV | F19: HOOKAH | H19: YES | I19: HoReca | J19: SHUBRAM KAR
A20: 46002.77 | B20: Gateway Grandeur | C20: 737084860 | D20: 0.76736111 | E20: https://drive.google.com/open?id=1_0KTZeommgOKVm8pNxYP-0KOHsxpFeah | F20: ZIPPO LIGHTERS | H20: YES | I20: HoReca | J20: SHUBRAM KAR
A21: 46002.782 | B21: Arista/ Deborshi | C21: 9903935859 | D21: 0.78055556 | E21: https://drive.google.com/open?id=1WLzjPxK7KhuMtAO0UJc94Q3WQGEIXnSI | F21: HOOKAH | G21: Later | H21: YES | I21: HoReca | J21: SHUBRAM KAR
A22: 46003.574 | B22: Gharana enterpris/yogesh | C22: 9864066993y | E22: https://drive.google.com/open?id=1T1kV2VivNuxpNXIYHtDvgc3FsBvKYNsM | F22: NONE | G22: No order | H22: YES | I22: MT | J22: RAJU DAS | K22: Not sell chegaret and tabacou | L22: WARM | Q22: =COUNTIF('LOCATION RESPONSES'!B:B,B2) -> 0 | R22: =COUNTIF('LOCATION RESPONSES'!B:B,B2) -> 0
A23: 46003.597 | B23: Bishnujyoti stor /shuru kumar das | C23: 7638039088 | E23: https://drive.google.com/open?id=1IclQVGyqTFw-V6xZxjP09tpV9XtwHsLF | F23: CIGARETTE | G23: No ordar | H23: YES | I23: MT | J23: RAJU DAS | K23: Will ordar next month | L23: COLD | Q23: =COUNTIF('LOCATION RESPONSES'!B:B,B3) -> 0 | R23: =COUNTIF('LOCATION RESPONSES'!B:B,B3) -> 0
A24: 46003.607 | B24: Maa kamakhya agency/sanjy kumar | C24: 9706076848 | E24: https://drive.google.com/open?id=1F5HixGtaFKm_ADIujFIQ16Eh0hE8FRfX | F24: CIGARETTE | G24: No | H24: YES | I24: MT | J24: RAJU DAS | K24: Not entered the product | L24: COLD | Q24: =COUNTIF('LOCATION RESPONSES'!B:B,B4) -> 0 | R24: =COUNTIF('LOCATION RESPONSES'!B:B,B4) -> 0
A25: 46003.619 | B25: Quality shoppe/asifh husain | C25: 7099073999 | E25: https://drive.google.com/open?id=1YGm5DSmNj9WAvo5lXrxoWsHdy30VGlaM | F25: CIGARETTE | G25: No | H25: YES | I25: MT | J25: RAJU DAS | K25: Menejar not available talk tomorrow | L25: COLD | Q25: =COUNTIF('LOCATION RESPONSES'!B:B,B5) -> 0 | R25: =COUNTIF('LOCATION RESPONSES'!B:B,B5) -> 0
A26: 46003.647 | B26: Fresh busket/miton husain | C26: 7002708344 | E26: https://drive.google.com/open?id=1RUyk28ONy7EvArvjWB3UQbH_A05e4HOY | F26: NONE | G26: No | H26: YES | I26: MT | J26: RAJU DAS | K26: Talk next week | Q26: =COUNTIF('LOCATION RESPONSES'!B:B,B6) -> 0 | R26: =COUNTIF('LOCATION RESPONSES'!B:B,B6) -> 0
A27: 46003.671 | B27: Pariwar supar market /shidgart | C27: 8638376372 | E27: https://drive.google.com/open?id=1UA8IlWLa5iz0Jzmw9hMUMGbenr_hJ2yW | F27: CIGARETTE | G27: No | H27: YES | I27: MT | J27: RAJU DAS | K27: Next week oedar | L27: COLD | Q27: =COUNTIF('LOCATION RESPONSES'!B:B,B7) -> 0 | R27: =COUNTIF('LOCATION RESPONSES'!B:B,B7) -> 0
A28: 46003.682 | B28: The grocer supar market/ganesh nagun | C28: 6000392311 | E28: https://drive.google.com/open?id=1qlg6Dc_oOiI16_0vWyjKC7vVXX__7jAH | F28: NONE | G28: No | H28: YES | I28: MT | J28: RAJU DAS | K28: That dont want sell chegaret | L28: DEAD | Q28: =COUNTIF('LOCATION RESPONSES'!B:B,B8) -> 0 | R28: =COUNTIF('LOCATION RESPONSES'!B:B,B8) -> 0
A29: 46003.696 | B29: Niharika enterprise/nilomoni bhoiso | C29: 847395657 | E29: https://drive.google.com/open?id=1Fy9KqsNY1x1lyyRzI-kdSWrsd6-5_90H | F29: CIGARETTE | G29: No | H29: YES | I29: MT | J29: RAJU DAS | K29: Will talk manday | L29: COLD | Q29: =IFERROR(VLOOKUP(B9,'LOCATION RESPONSES'!B:G,6,FALSE),"") -> 91.783491 | R29: =COUNTIF('LOCATION RESPONSES'!B:B,B9) -> 1
A30: 46003.705 | B30: S K stor / nipon joyti das | C30: 9864273182 | E30: https://drive.google.com/open?id=1eEjwbMn7kTLxzPMsqDOgYREfXoICASgF | F30: NONE | G30: No | H30: YES | I30: MT | J30: RAJU DAS | K30: Not sell chegaret | L30: DEAD | Q30: =COUNTIF('LOCATION RESPONSES'!B:B,B8) -> 0 | R30: =COUNTIF('LOCATION RESPONSES'!B:B,B10) -> 0
A31: 46003.715 | B31: Suniya stor/sofiqul islam | C31: 6901422045 | E31: https://drive.google.com/open?id=1HW9QE-xNLvUu-6g9cViqtcbx-qkMVQrz | F31: CIGARETTE | G31: No | H31: YES | I31: MT | J31: RAJU DAS | K31: This shop is holselar but baba company all redy give him the proud t | L31: COLD | Q31: =COUNTIF('LOCATION RESPONSES'!B:B,B9) -> 1 | R31: =COUNTIF('LOCATION RESPONSES'!B:B,B11) -> 0
A32: 46004.541 | B32: Nayantara supar market/sujit jain | C32: 7099574158 | E32: https://drive.google.com/open?id=1ckLnj7jhUKxCKhOm5gEvKrETFsIRaauQ | F32: ZIPPO LIGHTERS | G32: No | H32: YES | I32: MT | J32: RAJU DAS | K32: Not sell chegaret | L32: COLD | Q32: =COUNTIF('LOCATION RESPONSES'!B:B,B10) -> 0 | R32: =COUNTIF('LOCATION RESPONSES'!B:B,B12) -> 0
A33: 46004.549 | B33: Spicy cake and sweets/raju sir | C33: 7002796908 | E33: https://drive.google.com/open?id=1sorDQ2m7Mhz9SuKPgg0EhhPLpPu4jfFH | F33: NONE | G33: No | H33: YES | I33: MT | J33: RAJU DAS | K33: Not sell | L33: WARM | Q33: =COUNTIF('LOCATION RESPONSES'!B:B,B11) -> 0 | R33: =COUNTIF('LOCATION RESPONSES'!B:B,B13) -> 0
A34: 46004.557 | B34: Naima stor/mohomd ali | C34: 9678140533 | E34: https://drive.google.com/open?id=1JP3rpUAIGZgOl5U_Tcil4GUymNxcaDud | F34: CIGARETTE | H34: YES | I34: MT | J34: RAJU DAS | K34: No oedar talk next month | L34: COLD | Q34: =COUNTIF('LOCATION RESPONSES'!B:B,B12) -> 0 | R34: =COUNTIF('LOCATION RESPONSES'!B:B,B14) -> 0
A35: 46004.57 | B35: Balaji bhandar/kahanaiya lal | C35: 8133950037 | E35: https://drive.google.com/open?id=1RV842zYL2juigfj4TUge2RnAj5e1q8Lo | F35: CIGARETTE | G35: No | H35: YES | I35: MT | J35: RAJU DAS | K35: Don't want to sell | L35: COLD | Q35: =COUNTIF('LOCATION RESPONSES'!B:B,B13) -> 0 | R35: =COUNTIF('LOCATION RESPONSES'!B:B,B15) -> 0
A36: 46004.572 | B36: Mollah stor/mahibul ali | C36: 6003769243 | E36: https://drive.google.com/open?id=1J3MGKB1wp-UFzA4lYempcNMKPVtGDAiP | F36: CIGARETTE | G36: No | H36: YES | I36: MT | J36: RAJU DAS | K36: Not gd response | L36: COLD | Q36: =COUNTIF('LOCATION RESPONSES'!B:B,B14) -> 0 | R36: =COUNTIF('LOCATION RESPONSES'!B:B,B16) -> 0
A37: 46004.589 | B37: Urmi suparmarket/beraj gupta | C37: 8011708006 | E37: https://drive.google.com/open?id=1Yy2SFGeGehB_nnctUo5L_HJQe6JZ5dTj | F37: CIGARETTE | G37: No | H37: YES | I37: MT | J37: RAJU DAS | K37: Will talk next week | L37: COLD | Q37: =COUNTIF('LOCATION RESPONSES'!B:B,B15) -> 0 | R37: =COUNTIF('LOCATION RESPONSES'!B:B,B17) -> 0
A38: 46004.594 | B38: Anopurna stor /arjun | C38: 9957720094 | E38: https://drive.google.com/open?id=1aefrZoHf3QmojbV8sQ6D2fOqg_b3CjTt | F38: NONE | G38: No | H38: YES | I38: MT | J38: RAJU DAS | K38: Not sell chegaret | L38: DEAD | Q38: =COUNTIF('LOCATION RESPONSES'!B:B,B16) -> 0 | R38: =COUNTIF('LOCATION RESPONSES'!B:B,B18) -> 0
A39: 46004.598 | B39: Ganpati fresh dairy/ jintu bornon | C39: 9864872312 | E39: https://drive.google.com/open?id=18SqwwJnXrad-hGixwszvuoLGGHyI2e_c | F39: CIGARETTE | G39: No | H39: YES | I39: MT | J39: RAJU DAS | K39: Talk next week menejar not available | L39: COLD | Q39: =COUNTIF('LOCATION RESPONSES'!B:B,B17) -> 0 | R39: =COUNTIF('LOCATION RESPONSES'!B:B,B19) -> 0
A40: 46004.634 | B40: Babu bhander/bipul kumar medhi | C40: 7035571722 | E40: https://drive.google.com/open?id=1P4sE7Lw225eIvaYBsVcCTdyArfkUO3xz | F40: CIGARETTE | G40: No | H40: YES | I40: MT | J40: RAJU DAS | K40: No shop keeper | L40: COLD | Q40: =IFERROR(VLOOKUP(B20,'LOCATION RESPONSES'!B:G,6,FALSE),"") -> 91.775268 | R40: =COUNTIF('LOCATION RESPONSES'!B:B,B20) -> 1
A41: 46004.64 | B41: Krishna stor/himanshu sinha | C41: 9678226097 | E41: https://drive.google.com/open?id=1XYVjMXRG9yv6b5tfCAoVblWTiV_pCPON | F41: CIGARETTE | G41: No | H41: YES | I41: MT | J41: RAJU DAS | K41: Next week talk | L41: COLD | Q41: =COUNTIF('LOCATION RESPONSES'!B:B,B14) -> 0 | R41: =COUNTIF('LOCATION RESPONSES'!B:B,B21) -> 0
A42: 46004.658 | B42: Handique artist home /prosato handique | C42: 8811961568 | E42: https://drive.google.com/open?id=1mKbjGtXFYYxBzdwnHXUUqoVZp0Rmdh2g | F42: CIGARETTE | G42: No | H42: YES | I42: MT | J42: RAJU DAS | K42: No woner at shop | L42: COLD | Q42: =COUNTIF('LOCATION RESPONSES'!B:B,B15) -> 0 | R42: =COUNTIF('LOCATION RESPONSES'!B:B,B22) -> 0
A43: 46004.67 | B43: Gupta stor/jitandra sha | C43: 8298476409 | E43: https://drive.google.com/open?id=1BYAaJP8vE4Ddh-QFl8XMDJABAPdw-j6e | F43: CIGARETTE | G43: No | H43: YES | I43: MT | J43: RAJU DAS | K43: Ordr January | L43: COLD | Q43: =COUNTIF('LOCATION RESPONSES'!B:B,B16) -> 0 | R43: =COUNTIF('LOCATION RESPONSES'!B:B,B23) -> 0
A44: 46004.674 | B44: Shiri ram swees/niku das | C44: 9395285397 | E44: https://drive.google.com/open?id=1h2QhARU1Z1eqlUMEwt2GmF1B94PCOHyy | F44: NONE | H44: YES | I44: MT | J44: RAJU DAS | K44: Not sell | L44: DEAD | Q44: =COUNTIF('LOCATION RESPONSES'!B:B,B17) -> 0 | R44: =COUNTIF('LOCATION RESPONSES'!B:B,B24) -> 0
A45: 46004.683 | B45: New sinh stor/dulal das | C45: 9864846374 | E45: https://drive.google.com/open?id=1Wz22NL4h-eePpnAtosVIvDDzDMkBfy2z | F45: NONE | G45: No | H45: YES | I45: MT | J45: RAJU DAS | K45: It's mart but they don't sell chegaret | L45: DEAD | Q45: =COUNTIF('LOCATION RESPONSES'!B:B,B18) -> 0 | R45: =COUNTIF('LOCATION RESPONSES'!B:B,B25) -> 0
A46: 46004.689 | B46: Anesh enterprise/parthi gosh | C46: 7086985410 | E46: https://drive.google.com/open?id=1dVU0vARm0UYtN_3jv7DK5CwrZ4FUAQDn | F46: CIGARETTE | G46: No | H46: YES | I46: MT | J46: RAJU DAS | K46: He will think and reply next week | L46: COLD | Q46: =COUNTIF('LOCATION RESPONSES'!B:B,B19) -> 0 | R46: =COUNTIF('LOCATION RESPONSES'!B:B,B26) -> 0
A47: 46004.694 | B47: Shing stor / dhramedra shing | C47: 6901856592 | E47: https://drive.google.com/open?id=1oPcxsJC8WEKJPc2WtrcqSc8VkXUNoHTc | F47: NONE | G47: No | H47: YES | I47: MT | J47: RAJU DAS | K47: Not sell chegaret | L47: DEAD | Q47: =COUNTIF('LOCATION RESPONSES'!B:B,B20) -> 1 | R47: =COUNTIF('LOCATION RESPONSES'!B:B,B27) -> 0
A48: 46004.706 | B48: Minarongo stor/minagro bordoli | C48: 6000504617 | E48: https://drive.google.com/open?id=1tmqaOxx0_ruUlMleOBQRsf5TT7cKet8P | F48: CIGARETTE | G48: No | H48: YES | I48: MT | J48: RAJU DAS | K48: Talk next week | L48: COLD | Q48: =COUNTIF('LOCATION RESPONSES'!B:B,B21) -> 0 | R48: =COUNTIF('LOCATION RESPONSES'!B:B,B28) -> 0
A49: 46006.605 | B49: Raghuram stor/dhrubo joti das | C49: 8638382853 | E49: https://drive.google.com/open?id=1Tnf-v-DYhpobf43_SNVnvtJLJna9kWag | F49: CIGARETTE | G49: No | H49: YES | I49: MT | J49: RAJU DAS | K49: Not interested | L49: COLD | Q49: =COUNTIF('LOCATION RESPONSES'!B:B,B22) -> 0 | R49: =COUNTIF('LOCATION RESPONSES'!B:B,B29) -> 0
A50: 46006.63 | B50: Das stor/sanju moni das | C50: 9707047474 | E50: https://drive.google.com/open?id=1VMovG1HNnHWXjCp5Hcw6eJkeSJQX0Lhk | F50: CIGARETTE | G50: No | H50: YES | I50: MT | J50: RAJU DAS | K50: Vegit next month | L50: COLD | Q50: =COUNTIF('LOCATION RESPONSES'!B:B,B23) -> 0 | R50: =COUNTIF('LOCATION RESPONSES'!B:B,B30) -> 0
A51: 46006.676 | B51: Hr stor /hafijul | C51: 6001283434 | E51: https://drive.google.com/open?id=1B7UmnGJ6LIIJE9KEXoNc3K_-iqgpUVtG | F51: CIGARETTE | G51: No | H51: YES | I51: MT | J51: RAJU DAS | K51: Not entrested owre products only I t c | L51: COLD | Q51: =COUNTIF('LOCATION RESPONSES'!B:B,B24) -> 0 | R51: =COUNTIF('LOCATION RESPONSES'!B:B,B31) -> 0
A52: 46006.691 | B52: Pariwar suparmart /ratan kumar agrwal | C52: 9864047840 | E52: https://drive.google.com/open?id=1uP9-FGCFGruZyJxOxPCsflBZXBIzdTkk | F52: CIGARETTE | G52: No | H52: YES | I52: MT | J52: RAJU DAS | K52: No owner talk tomorrow | L52: COLD | P52: ORDER:-PRIME ONE BUNDLE | Q52: =COUNTIF('LOCATION RESPONSES'!B:B,B25) -> 0 | R52: =COUNTIF('LOCATION RESPONSES'!B:B,B32) -> 0
A53: 46006.703 | B53: M. S. Gajanand agarwal/shyam agarwal | C53: 9954533955 | E53: https://drive.google.com/open?id=1myJXsw5Qdny7yC8WybQzHZJmAozElcMg | F53: CIGARETTE | G53: No | H53: YES | I53: MT | J53: RAJU DAS | K53: They will talk naxt month | L53: COLD | Q53: =COUNTIF('LOCATION RESPONSES'!B:B,B26) -> 0 | R53: =COUNTIF('LOCATION RESPONSES'!B:B,B33) -> 0
A54: 46006.709 | B54: Maruti bhandar/bhandari | C54: 9864210378 | E54: https://drive.google.com/open?id=1amNgBLY8Bf_704gzyKCdkg18GF7mX19I | F54: NONE | G54: No | H54: YES | I54: MT | J54: RAJU DAS | K54: Not sell chegaret | L54: DEAD | M54: 46006 | Q54: =COUNTIF('LOCATION RESPONSES'!B:B,B27) -> 0 | R54: =COUNTIF('LOCATION RESPONSES'!B:B,B34) -> 0
A55: 46006.718 | B55: Ezzy bazzar/Radika | C55: 8372052843 | E55: https://drive.google.com/open?id=1S2bBwpfGO0-JYqn4S9YNt0YytcSBbSRi | F55: CIGARETTE | H55: YES | I55: MT | J55: RAJU DAS | K55: She wanted to accept owre all products but they want craded | L55: COLD | Q55: =COUNTIF('LOCATION RESPONSES'!B:B,B28) -> 0 | R55: =COUNTIF('LOCATION RESPONSES'!B:B,B35) -> 0
A56: 46006.723 | B56: Aarohan/ | C56: 9864795079 | E56: https://drive.google.com/open?id=1NcKongfqQLUoO9Z8-xmrisZ0OEubDnVB | F56: NONE | G56: No | H56: YES | I56: MT | J56: RAJU DAS | K56: Not sell any tobacco products | L56: DEAD | M56: 46006 | Q56: =COUNTIF('LOCATION RESPONSES'!B:B,B29) -> 0 | R56: =COUNTIF('LOCATION RESPONSES'!B:B,B36) -> 0
A57: 46006.732 | B57: Peoples mart/ankit poddar | C57: 7099037005 | E57: https://drive.google.com/open?id=1Q5zDxSaTLtZl-0SvXmxuQPR7bAlp3_JM | F57: CIGARETTE | G57: No | H57: YES | I57: MT | J57: RAJU DAS | K57: They want to creded | L57: COLD | Q57: =COUNTIF('LOCATION RESPONSES'!B:B,B30) -> 0 | R57: =COUNTIF('LOCATION RESPONSES'!B:B,B37) -> 0
A58: 46007.61 | B58: Kibriya mart/chintu deka | C58: 9101132600 | E58: https://drive.google.com/open?id=1uoZuAJXEP_IRFHB0eeLdwNgwlG_jjTtz | F58: CIGARETTE | G58: No | H58: YES | I58: MT | J58: RAJU DAS | K58: No manegar | L58: COLD | Q58: =COUNTIF('LOCATION RESPONSES'!B:B,B31) -> 0 | R58: =COUNTIF('LOCATION RESPONSES'!B:B,B38) -> 0
A59: 46007.621 | B59: D fresh co family mart/ | C59: 9854132497 | E59: https://drive.google.com/open?id=1WrEo0mi3-unaqzyLRB0PbQDsm1LjGIav | F59: NONE | G59: No | H59: YES | I59: MT | J59: RAJU DAS | K59: Not interested | L59: COLD | Q59: =COUNTIF('LOCATION RESPONSES'!B:B,B32) -> 0 | R59: =COUNTIF('LOCATION RESPONSES'!B:B,B39) -> 0
A60: 46007.627 | B60: Fresh mart/mernmoy bormon | C60: 7002340754 | E60: https://drive.google.com/open?id=1PPvmmpGogciSYzlr_88qEbYpQFenLn2C | F60: CIGARETTE | G60: No | H60: YES | I60: MT | J60: RAJU DAS | K60: No menejar | L60: COLD | Q60: =COUNTIF('LOCATION RESPONSES'!B:B,B33) -> 0 | R60: =COUNTIF('LOCATION RESPONSES'!B:B,B40) -> 0
A61: 46007.637 | B61: The family shop/ | C61: 9864637280 | E61: https://drive.google.com/open?id=1ALwKrlAm3o6QG1MTz81x8N2W6eInBQPG | F61: NONE | G61: No | H61: YES | I61: MT | J61: RAJU DAS | K61: Very rued behavior and very disgusting person | Q61: =COUNTIF('LOCATION RESPONSES'!B:B,B34) -> 0 | R61: =COUNTIF('LOCATION RESPONSES'!B:B,B41) -> 0
A62: 46007.658 | B62: Ma kamakhya retails/ | C62: 8822223344 | E62: https://drive.google.com/open?id=1irFfIyKoBHecOe9XYqVVNLrkC0Qs7pln | F62: CIGARETTE | G62: No | H62: YES | I62: MT | J62: RAJU DAS | K62: No ordar | L62: COLD | Q62: =COUNTIF('LOCATION RESPONSES'!B:B,B35) -> 0 | R62: =COUNTIF('LOCATION RESPONSES'!B:B,B42) -> 0
A63: 46009.523 | B63: Bhargab stor/niren kumar | C63: 9101314987 | E63: https://drive.google.com/open?id=10sw5VPqwej45nPhAgRE0Q5TIXJoYOUkq | F63: CIGARETTE | G63: No | H63: YES | I63: MT | J63: RAJU DAS | K63: No ordar next week | L63: COLD | Q63: =COUNTIF('LOCATION RESPONSES'!B:B,B36) -> 0 | R63: =COUNTIF('LOCATION RESPONSES'!B:B,B43) -> 0
A64: 46009.547 | B64: F D stor /biju | C64: 9706113189 | E64: https://drive.google.com/open?id=1ZSc4vkTTS4RoxHWuVcMPAx-rTYLhTLo8 | F64: CIGARETTE | G64: No | H64: YES | I64: MT | J64: RAJU DAS | K64: No ordar talk next week | L64: COLD | Q64: =COUNTIF('LOCATION RESPONSES'!B:B,B37) -> 0 | R64: =COUNTIF('LOCATION RESPONSES'!B:B,B44) -> 0
A65: 46009.55 | B65: Morom a departmentl stor/Redep boruwa | C65: 9395990115 | E65: https://drive.google.com/open?id=16Zfu5TN0HsL2_y7W1D8fYqyJcfviplJ8 | F65: NONE | G65: No | H65: YES | I65: MT | J65: RAJU DAS | K65: Not sell any tobacco | L65: DEAD | M65: 46009 | Q65: =COUNTIF('LOCATION RESPONSES'!B:B,B38) -> 0 | R65: =COUNTIF('LOCATION RESPONSES'!B:B,B45) -> 0
A66: 46009.605 | B66: Omraboti stor/m k das | C66: 8720908029 | E66: https://drive.google.com/open?id=1mvHil0IO7CfMo9NQf-oFUB9a-BpkGhW7 | F66: CIGARETTE | G66: No | H66: YES | I66: MT | J66: RAJU DAS | K66: No ordar | L66: COLD | Q66: =COUNTIF('LOCATION RESPONSES'!B:B,B39) -> 0 | R66: =COUNTIF('LOCATION RESPONSES'!B:B,B46) -> 0
A67: 46009.608 | B67: Medhi stor/badur medhi | C67: 7002490572 | E67: https://drive.google.com/open?id=1ODTN-pWcd8k9TBGQc4-lqOZUHbx96EsD | F67: CIGARETTE | G67: No | H67: YES | I67: MT | J67: RAJU DAS | K67: No ordar next month | L67: COLD | Q67: =COUNTIF('LOCATION RESPONSES'!B:B,B40) -> 0 | R67: =COUNTIF('LOCATION RESPONSES'!B:B,B47) -> 0
A68: 46009.613 | B68: Ma bimola stor/aojit das | C68: 887654212 | E68: https://drive.google.com/open?id=1nJiWgDZX5uie8o8CKwdqH0oQfsx47xOk | F68: CIGARETTE | G68: No | H68: YES | I68: MT | J68: RAJU DAS | K68: Owner not available | L68: COLD | Q68: =COUNTIF('LOCATION RESPONSES'!B:B,B41) -> 0 | R68: =COUNTIF('LOCATION RESPONSES'!B:B,B48) -> 0
A69: 46009.617 | B69: Making bhandar/rupok das | C69: 6900833886 | E69: https://drive.google.com/open?id=1pWxVb3bORQJ-Lt9kgV_qmIrsw_dlwx2l | F69: CIGARETTE | G69: No | H69: YES | I69: MT | J69: RAJU DAS | K69: Owner not available | L69: COLD | Q69: =COUNTIF('LOCATION RESPONSES'!B:B,B42) -> 0 | R69: =COUNTIF('LOCATION RESPONSES'!B:B,B49) -> 0
A70: 46009.647 | B70: Jatinga departmentl stor/joti kolita | C70: 9101502530 | E70: https://drive.google.com/open?id=1sRAGdElVNuGrYHwHq_AQuzl5g2UxvDgY | F70: CIGARETTE | H70: YES | I70: MT | J70: RAJU DAS | K70: Ordar 2 bandil mix | L70: COLD | Q70: =COUNTIF('LOCATION RESPONSES'!B:B,B43) -> 0 | R70: =COUNTIF('LOCATION RESPONSES'!B:B,B50) -> 0
A71: 46009.652 | B71: Das enterprise/heroino | C71: 9864260561 | E71: https://drive.google.com/open?id=1t6rNx3QH-Ydx6h2ErzqmInFpJYlzksCg | F71: NONE | G71: No | H71: YES | I71: MT | J71: RAJU DAS | K71: Not sell any tobacco products | Q71: =COUNTIF('LOCATION RESPONSES'!B:B,B44) -> 0 | R71: =COUNTIF('LOCATION RESPONSES'!B:B,B51) -> 0
A72: 46009.658 | B72: M K bhandar/prodip kolita | C72: 9864068462 | E72: https://drive.google.com/open?id=18e_rgaTur1J3fjuvAuH9Lkm6CJQ-YQCq | F72: CIGARETTE | G72: No | H72: YES | I72: MT | J72: RAJU DAS | K72: Not interested | L72: COLD | Q72: =COUNTIF('LOCATION RESPONSES'!B:B,B45) -> 0 | R72: =COUNTIF('LOCATION RESPONSES'!B:B,B52) -> 0
A73: 46009.663 | B73: H2 happy supar market/kandarpo boruwa | C73: 9365317372 | E73: https://drive.google.com/open?id=1RnclboYaTqQkPpLr40TNuP920plvxWmT | F73: NONE | G73: No | H73: YES | I73: MT | J73: RAJU DAS | K73: Not sell tobacco | L73: COLD | Q73: =COUNTIF('LOCATION RESPONSES'!B:B,B46) -> 0 | R73: =COUNTIF('LOCATION RESPONSES'!B:B,B53) -> 0
A74: 46009.667 | B74: Archana mart/heronino sharma | C74: 9101255302 | E74: https://drive.google.com/open?id=1YoLDBP6PQXhBOlcBcUbuEmUZtkZG1mFo | F74: CIGARETTE | G74: No | H74: YES | I74: MT | J74: RAJU DAS | K74: Not sell | L74: COLD | Q74: =COUNTIF('LOCATION RESPONSES'!B:B,B47) -> 0 | R74: =COUNTIF('LOCATION RESPONSES'!B:B,B54) -> 0
A75: 46009.68 | B75: Krishna enterprise/molai bhtacharji | C75: 8638566931 | E75: https://drive.google.com/open?id=1wjrZ2s9XGDzR4iCDrqNYrhbE58BVZRFW | F75: CIGARETTE | G75: No | H75: YES | I75: MT | J75: RAJU DAS | K75: No ordar | L75: COLD | Q75: =COUNTIF('LOCATION RESPONSES'!B:B,B48) -> 0 | R75: =COUNTIF('LOCATION RESPONSES'!B:B,B55) -> 0
A76: 46010.648 | B76: RJ enterprise/ jotirmoi Chodury | C76: 8723830394 | E76: https://drive.google.com/open?id=15Fye2Qvpb6H4F68b7-WNL6WZwSWSKKqA | F76: CIGARETTE | G76: No | H76: YES | I76: MT | J76: RAJU DAS | K76: He said lat the product move on To the market than i disaid | L76: COLD | Q76: =COUNTIF('LOCATION RESPONSES'!B:B,B49) -> 0 | R76: =COUNTIF('LOCATION RESPONSES'!B:B,B56) -> 0
A77: 46010.669 | B77: S k stor | C77: No | E77: https://drive.google.com/open?id=1RENqj_GcgamZRF2s9gq-lhPNPg786R5V | F77: CIGARETTE | G77: No | H77: YES | I77: MT | J77: RAJU DAS | K77: Not sell chegaret | L77: DEAD | M77: 46010 | Q77: =COUNTIF('LOCATION RESPONSES'!B:B,B50) -> 0 | R77: =COUNTIF('LOCATION RESPONSES'!B:B,B57) -> 0
A78: 46010.673 | B78: Duli | C78: No | E78: https://drive.google.com/open?id=1OP5_HjyYZdlDuI1tBnfWKPjrcn0UYM3T | F78: NONE | G78: No | H78: YES | I78: MT | J78: RAJU DAS | K78: Not sell chegaret | L78: DEAD | M78: 46010 | Q78: =COUNTIF('LOCATION RESPONSES'!B:B,B51) -> 0 | R78: =COUNTIF('LOCATION RESPONSES'!B:B,B58) -> 0
A79: 46010.675 | B79: Bhupali pan bhandar/ | C79: 8011109134 | E79: https://drive.google.com/open?id=19YCsouLClY8atURheY4iiNzrG_OtxCkE | F79: CIGARETTE | G79: No | H79: YES | I79: MT | J79: RAJU DAS | K79: Next year | L79: COLD | Q79: =COUNTIF('LOCATION RESPONSES'!B:B,B52) -> 0 | R79: =COUNTIF('LOCATION RESPONSES'!B:B,B59) -> 0
A80: 46010.679 | B80: Choyonika suparmarket / | C80: 9859650650 | E80: https://drive.google.com/open?id=1pfZEfNBCNXN9r6-HAPHZH7jhXMz6KiGp | F80: NONE | G80: No | H80: YES | I80: MT | J80: RAJU DAS | K80: Not sell chegaret | L80: DEAD | M80: 46010 | Q80: =COUNTIF('LOCATION RESPONSES'!B:B,B53) -> 0 | R80: =COUNTIF('LOCATION RESPONSES'!B:B,B60) -> 0
A81: 46010.687 | B81: Suranjana store/Diraj da | C81: 7576059073 | E81: https://drive.google.com/open?id=17UnjNCVXu3gzauwD55BfpXyF2OybhJXu | F81: CIGARETTE | G81: No | H81: YES | I81: MT | J81: RAJU DAS | K81: No ordar | L81: COLD | Q81: =COUNTIF('LOCATION RESPONSES'!B:B,B54) -> 0 | R81: =COUNTIF('LOCATION RESPONSES'!B:B,B61) -> 0
A82: 46010.706 | B82: Thakuriya store/ | C82: 9678730189 | E82: https://drive.google.com/open?id=15NuP8uGxZhOZye9Y31UGhFmBIqkPSCtO | F82: CIGARETTE | G82: No | H82: YES | I82: MT | J82: RAJU DAS | K82: Not ordar next year | L82: COLD | Q82: =COUNTIF('LOCATION RESPONSES'!B:B,B55) -> 0 | R82: =COUNTIF('LOCATION RESPONSES'!B:B,B62) -> 0
A83: 46010.717 | B83: J C mart/jun choudhary | C83: 8761994905 | E83: https://drive.google.com/open?id=1X7cUgijb5jFC8LGzNurgb0AHnoM6SVz4 | F83: CIGARETTE | G83: No | H83: YES | I83: MT | J83: RAJU DAS | K83: No ordar | L83: COLD | Q83: =COUNTIF('LOCATION RESPONSES'!B:B,B56) -> 0 | R83: =COUNTIF('LOCATION RESPONSES'!B:B,B63) -> 0
A84: 46010.734 | B84: Signature supar market/ | C84: No | E84: https://drive.google.com/open?id=1leKis9bGe9lWCFxJ0iFklYlcHIvGkkWo | F84: NONE | G84: No | H84: YES | I84: MT | J84: RAJU DAS | K84: Thay want 45 days credit | L84: COLD | Q84: =COUNTIF('LOCATION RESPONSES'!B:B,B57) -> 0 | R84: =COUNTIF('LOCATION RESPONSES'!B:B,B64) -> 0
A85: 46011.581 | B85: Ahaana bazaar | C85: 7896853514 | E85: https://drive.google.com/open?id=1hfaZf3NW3Av82pMs63-Fi2g2yRRVxvGF | F85: CIGARETTE | G85: No | H85: YES | I85: MT | J85: RAJU DAS | K85: Next year | L85: COLD | Q85: =COUNTIF('LOCATION RESPONSES'!B:B,B58) -> 0 | R85: =COUNTIF('LOCATION RESPONSES'!B:B,B65) -> 0
A86: 46011.604 | B86: Bornali stor/kishor deka | C86: 8812860121 | E86: https://drive.google.com/open?id=1OX6YymNyYW6AZUgGhh-tFf3vzo-WVUZX | F86: CIGARETTE | G86: No | H86: YES | I86: MT | J86: RAJU DAS | K86: Next year | L86: COLD | Q86: =COUNTIF('LOCATION RESPONSES'!B:B,B59) -> 0 | R86: =COUNTIF('LOCATION RESPONSES'!B:B,B66) -> 0
A87: 46011.624 | B87: Harimaya store /jitu | C87: 7577861839 | E87: https://drive.google.com/open?id=1AqPhdebmDQKd8Z25rdPWXFWzU7QYygpQ | F87: CIGARETTE | G87: Ordar | H87: YES | I87: MT | J87: RAJU DAS | K87: Mix ordar 1 baldil | L87: COLD | Q87: =COUNTIF('LOCATION RESPONSES'!B:B,B60) -> 0 | R87: =COUNTIF('LOCATION RESPONSES'!B:B,B67) -> 0
A88: 46011.628 | B88: Banik stor/krishna bonik | C88: 9859140489 | E88: https://drive.google.com/open?id=1X0mRqLLcdTdwPvoz_vE3WDkLu6VJaHkd | F88: CIGARETTE | G88: No | H88: YES | I88: MT | J88: RAJU DAS | K88: No owner | L88: COLD | Q88: =COUNTIF('LOCATION RESPONSES'!B:B,B61) -> 0 | R88: =COUNTIF('LOCATION RESPONSES'!B:B,B68) -> 0
A89: 46011.637 | B89: S B traders | C89: 9864042542 | E89: https://drive.google.com/open?id=1R8s8HIW2_8dvAJq3gtlhQPS4b6xa2OrU | F89: NONE | G89: No | H89: YES | I89: MT | J89: RAJU DAS | K89: Not sell chegaret | L89: COLD | Q89: =COUNTIF('LOCATION RESPONSES'!B:B,B62) -> 0 | R89: =COUNTIF('LOCATION RESPONSES'!B:B,B69) -> 0
A90: 46011.648 | B90: Hari panbhandar | C90: 9707187531 | E90: https://drive.google.com/open?id=1x9BLWh2mOv1mfWIcgfEJvUh9fOjvfmeQ | F90: CIGARETTE | G90: No | H90: YES | I90: MT | J90: RAJU DAS | K90: No | L90: COLD | Q90: =COUNTIF('LOCATION RESPONSES'!B:B,B63) -> 0 | R90: =COUNTIF('LOCATION RESPONSES'!B:B,B70) -> 0
A91: 46011.711 | B91: Gloden mart/avijit hajorika | C91: 9395654215 | E91: https://drive.google.com/open?id=1M5Hauz1aBLWayiVQnLtlOMjM9x3FoWe- | F91: CIGARETTE | H91: YES | I91: MT | J91: RAJU DAS | K91: Next years | L91: COLD | Q91: =COUNTIF('LOCATION RESPONSES'!B:B,B64) -> 0 | R91: =COUNTIF('LOCATION RESPONSES'!B:B,B71) -> 0
A92: 46011.714 | B92: New L B store/ratan pal | C92: 9864113393 | E92: https://drive.google.com/open?id=1XS3yY2xdWCsiQ_IwRa4jB8b3NB9riiFf | F92: CIGARETTE | G92: No | H92: YES | I92: MT | J92: RAJU DAS | K92: Not entrested next year | L92: COLD | Q92: =COUNTIF('LOCATION RESPONSES'!B:B,B65) -> 0 | R92: =COUNTIF('LOCATION RESPONSES'!B:B,B72) -> 0
A93: 46011.727 | B93: Kalita store/digonto kolita | C93: 7896255655 | E93: https://drive.google.com/open?id=1ejB-TrIbew2v7qUQ2CTaQ5Tg1p1B6ajl | F93: CIGARETTE | G93: No | H93: YES | I93: MT | J93: RAJU DAS | K93: Next year | L93: COLD | Q93: =COUNTIF('LOCATION RESPONSES'!B:B,B66) -> 0 | R93: =COUNTIF('LOCATION RESPONSES'!B:B,B73) -> 0
A94: 46013.715 | B94: Rishab enterprise | C94: 8471824935 | E94: https://drive.google.com/open?id=1Y2-XZ4GgaYkrwMGI72z8YiIzS-OypC5R | F94: NONE | G94: No | H94: YES | I94: MT | J94: RAJU DAS | K94: Not sell chegaret | L94: COLD | Q94: =COUNTIF('LOCATION RESPONSES'!B:B,B67) -> 0 | R94: =COUNTIF('LOCATION RESPONSES'!B:B,B74) -> 0
A95: 46013.717 | B95: Purno nirman store | C95: 8812857306 | E95: https://drive.google.com/open?id=144f1h7fUlsRrPeQROa_PatB8XQvP_UZe | F95: CIGARETTE | G95: No | H95: YES | I95: MT | J95: RAJU DAS | K95: Next year | L95: COLD | Q95: =COUNTIF('LOCATION RESPONSES'!B:B,B68) -> 0 | R95: =COUNTIF('LOCATION RESPONSES'!B:B,B75) -> 0
A96: 46013.723 | B96: Pushpa store | C96: 9101122184 | E96: https://drive.google.com/open?id=13CKANe1dWm9Mk9wFI4XcSWBGP7YqTKlg | F96: CIGARETTE | G96: No | H96: YES | I96: MT | J96: RAJU DAS | K96: Not interested | L96: COLD | Q96: =COUNTIF('LOCATION RESPONSES'!B:B,B69) -> 0 | R96: =COUNTIF('LOCATION RESPONSES'!B:B,B76) -> 0
A97: 46013.729 | B97: The bink's mart | C97: 9365232582 | E97: https://drive.google.com/open?id=1Sf3jsQ_PGQ50FoMQmFvHpNQol9P-f-Ts | F97: NONE | G97: No | H97: YES | I97: MT | J97: RAJU DAS | K97: Not sell chegaret | L97: COLD | Q97: =COUNTIF('LOCATION RESPONSES'!B:B,B70) -> 0 | R97: =COUNTIF('LOCATION RESPONSES'!B:B,B77) -> 0
A98: 46014.526 | B98: Grocery & general stoer | C98: 9954331170 | E98: https://drive.google.com/open?id=18949QYgxBDicqyweBC59-1GiEuUnBs2k | F98: CIGARETTE | G98: No | H98: YES | I98: MT | J98: RAJU DAS | K98: No owner talk next week | L98: COLD | Q98: =COUNTIF('LOCATION RESPONSES'!B:B,B71) -> 0 | R98: =COUNTIF('LOCATION RESPONSES'!B:B,B78) -> 0
A99: 46014.532 | B99: TMR | C99: 9707829131 | E99: https://drive.google.com/open?id=1fomt5n6LH-OT1eL2YOcu3mzmrd7xStES | F99: CIGARS | H99: YES | I99: MT | J99: SHUBRAM KAR | K99: Checking the humidor | L99: DEAD
A100: 46014.539 | B100: Balaji mart | C100: 995476110 | E100: https://drive.google.com/open?id=1FVjtvX4D4PjwIuZMUvy0e_7Ey8OadMIZ | F100: NONE | G100: No | H100: YES | I100: MT | J100: RAJU DAS | K100: Not sell any tobacco | L100: COLD | Q100: =COUNTIF('LOCATION RESPONSES'!B:B,B73) -> 0 | R100: =COUNTIF('LOCATION RESPONSES'!B:B,B80) -> 0
A101: 46014.546 | B101: Shree krishna store/ | C101: 8133090930 | E101: https://drive.google.com/open?id=1UnEFaPN-pdvcf57NAk1XFSDwTqQpvt_Y | F101: NONE | G101: No | H101: YES | I101: MT | J101: RAJU DAS | K101: Not sell chegaret | L101: COLD | Q101: =COUNTIF('LOCATION RESPONSES'!B:B,B74) -> 0 | R101: =COUNTIF('LOCATION RESPONSES'!B:B,B81) -> 0
A102: 46014.547 | B102: Dineway/kuldeep | C102: 8638735236 | E102: https://drive.google.com/open?id=10KLYKw6lGRXybPIqxi33OwK9XCjy-oJf | F102: CIGARETTE | H102: YES | I102: HoReca | J102: SHUBRAM KAR | K102: Don't keep ciggarettes
...

Sheet LOCATION RESPONSES
A1: Timestamp | B1: Store Name | C1: Location | D1: Accuracy (m) | E1: ExtraInfo | F1: LATITUDE | G1: LONGITUDE
A2: 46002.61 | B2: Family super market | C2: https://www.google.com/maps/search/?api=1&query=26.143083%2C91.8122021 | D2: 22.584999 | E2: Mozilla/5.0 (Linux; Android 10; K) AppleWebKit/537.36 (KHTML, like Gecko) Chrome/144.0.0.0 Mobile Safari/537.36 | F2: =VALUE(LEFT(MID(C2,FIND("query=",C2)+6,50),FIND("%2C",MID(C2,FIND("query=",C2)+6,50))-1)) -> 26.143083 | G2: =VALUE(MID(MID(C2,FIND("query=",C2)+6,50),FIND("%2C",MID(C2,FIND("query=",C2)+6,50))+3,50)) -> 91.812202
A3: 46002.625 | B3: Pull Mary mart | C3: https://www.google.com/maps/search/?api=1&query=26.133466%2C91.8317512 | D3: 13.623 | E3: Mozilla/5.0 (Linux; Android 10; K) AppleWebKit/537.36 (KHTML, like Gecko) Chrome/144.0.0.0 Mobile Safari/537.36 | F3: =VALUE(LEFT(MID(C3,FIND("query=",C3)+6,50),FIND("%2C",MID(C3,FIND("query=",C3)+6,50))-1)) -> 26.133466 | G3: =VALUE(MID(MID(C3,FIND("query=",C3)+6,50),FIND("%2C",MID(C3,FIND("query=",C3)+6,50))+3,50)) -> 91.831751
A4: 46002.63 | B4: Kieko | C4: https://www.google.com/maps/search/?api=1&query=26.156065%2C91.78065 | D4: 19.719 | E4: Mozilla/5.0 (Linux; Android 10; K) AppleWebKit/537.36 (KHTML, like Gecko) Chrome/131.0.0.0 Mobile Safari/537.36 | F4: =VALUE(LEFT(MID(C4,FIND("query=",C4)+6,50),FIND("%2C",MID(C4,FIND("query=",C4)+6,50))-1)) -> 26.156065 | G4: =VALUE(MID(MID(C4,FIND("query=",C4)+6,50),FIND("%2C",MID(C4,FIND("query=",C4)+6,50))+3,50)) -> 91.78065
A5: 46002.637 | B5: O Guwahati | C5: https://www.google.com/maps/search/?api=1&query=26.1508814%2C91.7834907 | D5: 12.628 | E5: Mozilla/5.0 (Linux; Android 10; K) AppleWebKit/537.36 (KHTML, like Gecko) Chrome/131.0.0.0 Mobile Safari/537.36 | F5: =VALUE(LEFT(MID(C5,FIND("query=",C5)+6,50),FIND("%2C",MID(C5,FIND("query=",C5)+6,50))-1)) -> 26.150881 | G5: =VALUE(MID(MID(C5,FIND("query=",C5)+6,50),FIND("%2C",MID(C5,FIND("query=",C5)+6,50))+3,50)) -> 91.783491
A6: 46002.638 | B6: Quick shop | C6: https://www.google.com/maps/search/?api=1&query=26.13301%2C91.8298416 | D6: 11.516 | E6: Mozilla/5.0 (Linux; Android 10; K) AppleWebKit/537.36 (KHTML, like Gecko) Chrome/144.0.0.0 Mobile Safari/537.36 | F6: =VALUE(LEFT(MID(C6,FIND("query=",C6)+6,50),FIND("%2C",MID(C6,FIND("query=",C6)+6,50))-1)) -> 26.13301 | G6: =VALUE(MID(MID(C6,FIND("query=",C6)+6,50),FIND("%2C",MID(C6,FIND("query=",C6)+6,50))+3,50)) -> 91.829842
A7: 46002.644 | B7: Ann negruli | C7: https://www.google.com/maps/search/?api=1&query=26.1327564%2C91.8166271 | D7: 12.986 | E7: Mozilla/5.0 (Linux; Android 10; K) AppleWebKit/537.36 (KHTML, like Gecko) Chrome/144.0.0.0 Mobile Safari/537.36 | F7: =VALUE(LEFT(MID(C7,FIND("query=",C7)+6,50),FIND("%2C",MID(C7,FIND("query=",C7)+6,50))-1)) -> 26.132756 | G7: =VALUE(MID(MID(C7,FIND("query=",C7)+6,50),FIND("%2C",MID(C7,FIND("query=",C7)+6,50))+3,50)) -> 91.816627
A8: 46002.647 | B8: Olive Garden | C8: https://www.google.com/maps/search/?api=1&query=26.1523644%2C91.7811835 | D8: 20 | E8: Mozilla/5.0 (Linux; Android 10; K) AppleWebKit/537.36 (KHTML, like Gecko) Chrome/131.0.0.0 Mobile Safari/537.36 | F8: =VALUE(LEFT(MID(C8,FIND("query=",C8)+6,50),FIND("%2C",MID(C8,FIND("query=",C8)+6,50))-1)) -> 26.152364 | G8: =VALUE(MID(MID(C8,FIND("query=",C8)+6,50),FIND("%2C",MID(C8,FIND("query=",C8)+6,50))+3,50)) -> 91.781183
A9: 46002.661 | B9: Assam quick shop | C9: https://www.google.com/maps/search/?api=1&query=26.1056177%2C91.8545398 | D9: 56.099998 | E9: Mozilla/5.0 (Linux; Android 10; K) AppleWebKit/537.36 (KHTML, like Gecko) Chrome/144.0.0.0 Mobile Safari/537.36 | F9: =VALUE(LEFT(MID(C9,FIND("query=",C9)+6,50),FIND("%2C",MID(C9,FIND("query=",C9)+6,50))-1)) -> 26.105618 | G9: =VALUE(MID(MID(C9,FIND("query=",C9)+6,50),FIND("%2C",MID(C9,FIND("query=",C9)+6,50))+3,50)) -> 91.85454
A10: 46002.671 | B10: Socialite | C10: https://www.google.com/maps/search/?api=1&query=26.1535208%2C91.7803735 | D10: 11.463 | E10: Mozilla/5.0 (Linux; Android 10; K) AppleWebKit/537.36 (KHTML, like Gecko) Chrome/131.0.0.0 Mobile Safari/537.36 | F10: =VALUE(LEFT(MID(C10,FIND("query=",C10)+6,50),FIND("%2C",MID(C10,FIND("query=",C10)+6,50))-1)) -> 26.153521 | G10: =VALUE(MID(MID(C10,FIND("query=",C10)+6,50),FIND("%2C",MID(C10,FIND("query=",C10)+6,50))+3,50)) -> 91.780373
A11: 46002.683 | B11: Pragati Manor | C11: https://www.google.com/maps/search/?api=1&query=26.1544501%2C91.7792302 | D11: 23.886999 | E11: Mozilla/5.0 (Linux; Android 10; K) AppleWebKit/537.36 (KHTML, like Gecko) Chrome/131.0.0.0 Mobile Safari/537.36 | F11: =VALUE(LEFT(MID(C11,FIND("query=",C11)+6,50),FIND("%2C",MID(C11,FIND("query=",C11)+6,50))-1)) -> 26.15445 | G11: =VALUE(MID(MID(C11,FIND("query=",C11)+6,50),FIND("%2C",MID(C11,FIND("query=",C11)+6,50))+3,50)) -> 91.77923
A12: 46002.7 | B12: Kitchen and bar | C12: https://www.google.com/maps/search/?api=1&query=26.1549427%2C91.7794864 | D12: 30.915001 | E12: Mozilla/5.0 (Linux; Android 10; K) AppleWebKit/537.36 (KHTML, like Gecko) Chrome/131.0.0.0 Mobile Safari/537.36 | F12: =VALUE(LEFT(MID(C12,FIND("query=",C12)+6,50),FIND("%2C",MID(C12,FIND("query=",C12)+6,50))-1)) -> 26.154943 | G12: =VALUE(MID(MID(C12,FIND("query=",C12)+6,50),FIND("%2C",MID(C12,FIND("query=",C12)+6,50))+3,50)) -> 91.779486
A13: 46002.703 | B13: Smart pic | C13: https://www.google.com/maps/search/?api=1&query=26.1261353%2C91.7974032 | D13: 22.527 | E13: Mozilla/5.0 (Linux; Android 10; K) AppleWebKit/537.36 (KHTML, like Gecko) Chrome/144.0.0.0 Mobile Safari/537.36 | F13: =VALUE(LEFT(MID(C13,FIND("query=",C13)+6,50),FIND("%2C",MID(C13,FIND("query=",C13)+6,50))-1)) -> 26.126135 | G13: =VALUE(MID(MID(C13,FIND("query=",C13)+6,50),FIND("%2C",MID(C13,FIND("query=",C13)+6,50))+3,50)) -> 91.797403
... A150: 46016.668 | B150: Zoo road shopping corner | C150: https://www.google.com/maps/search/?api=1&query=26.1779038%2C91.7757161 | D150: 19.721001 | E150: Mozilla/5.0 (Linux; Android 10; K) AppleWebKit/537.36 (KHTML, like Gecko) Chrome/144.0.0.0 Mobile Safari/537.36 | F150: =VALUE(LEFT(MID(C150,FIND("query=",C150)+6,50),FIND("%2C",MID(C150,FIND("query=",C150)+6,50))-1)) -> 26.177904 | G150: =VALUE(MID(MID(C150,FIND("query=",C150)+6,50),FIND("%2C",MID(C150,FIND("query=",C150)+6,50))+3,50)) -> 91.775716
A151: 46016.746 | B151: D S bhandar | C151: https://www.google.com/maps/search/?api=1&query=26.1744056%2C91.7769113 | D151: 12.384 | E151: Mozilla/5.0 (Linux; Android 10; K) AppleWebKit/537.36 (KHTML, like Gecko) Chrome/144.0.0.0 Mobile Safari/537.36
A152: 46018.495 | B152: Shree kanha's grocery | C152: https://www.google.com/maps/search/?api=1&query=26.1709282%2C91.7554801 | D152: 17.348 | E152: Mozilla/5.0 (Linux; Android 10; K) AppleWebKit/537.36 (KHTML, like Gecko) Chrome/144.0.0.0 Mobile Safari/537.36
A153: 46018.498 | B153: M prasad store | C153: https://www.google.com/maps/search/?api=1&query=26.1709844%2C91.7555171 | D153: 19.768 | E153: Mozilla/5.0 (Linux; Android 10; K) AppleWebKit/537.36 (KHTML, like Gecko) Chrome/144.0.0.0 Mobile Safari/537.36
A154: 46018.509 | B154: Dayamoyee store | C154: https://www.google.com/maps/search/?api=1&query=26.1693782%2C91.7546054 | D154: 15.268 | E154: Mozilla/5.0 (Linux; Android 10; K) AppleWebKit/537.36 (KHTML, like Gecko) Chrome/144.0.0.0 Mobile Safari/537.36
A155: 46018.523 | B155: Paul brothers | C155: https://www.google.com/maps/search/?api=1&query=26.1680488%2C91.7464672 | D155: 16.576 | E155: Mozilla/5.0 (Linux; Android 10; K) AppleWebKit/537.36 (KHTML, like Gecko) Chrome/144.0.0.0 Mobile Safari/537.36
A156: 46018.529 | B156: Prashant pan bhandar | C156: https://www.google.com/maps/search/?api=1&query=26.1681013%2C91.746434 | D156: 23.375 | E156: Mozilla/5.0 (Linux; Android 10; K) AppleWebKit/537.36 (KHTML, like Gecko) Chrome/144.0.0.0 Mobile Safari/537.36
A157: 46018.541 | B157: Biswajit bhandar | C157: https://www.google.com/maps/search/?api=1&query=26.1584712%2C91.7346103 | D157: 18.466 | E157: Mozilla/5.0 (Linux; Android 10; K) AppleWebKit/537.36 (KHTML, like Gecko) Chrome/144.0.0.0 Mobile Safari/537.36
A158: 46018.545 | B158: Mangal murti varieties | C158: https://www.google.com/maps/search/?api=1&query=26.1576587%2C91.732802 | D158: 17.969 | E158: Mozilla/5.0 (Linux; Android 10; K) AppleWebKit/537.36 (KHTML, like Gecko) Chrome/144.0.0.0 Mobile Safari/537.36
A159: 46018.549 | B159: Bikash store | C159: https://www.google.com/maps/search/?api=1&query=26.1567253%2C91.7322437 | D159: 18.593 | E159: Mozilla/5.0 (Linux; Android 10; K) AppleWebKit/537.36 (KHTML, like Gecko) Chrome/144.0.0.0 Mobile Safari/537.36
A160: 46018.553 | B160: Dutta brothers | C160: https://www.google.com/maps/search/?api=1&query=26.1558207%2C91.731309 | D160: 11.677 | E160: Mozilla/5.0 (Linux; Android 10; K) AppleWebKit/537.36 (KHTML, like Gecko) Chrome/144.0.0.0 Mobile Safari/537.36
A161: 46018.557 | B161: Rashan haat | C161: https://www.google.com/maps/search/?api=1&query=26.1485778%2C91.7286477 | D161: 11.795 | E161: Mozilla/5.0 (Linux; Android 10; K) AppleWebKit/537.36 (KHTML, like Gecko) Chrome/144.0.0.0 Mobile Safari/537.36
A162: 46018.563 | B162: Barmon store | C162: https://www.google.com/maps/search/?api=1&query=26.1413952%2C91.725983 | D162: 8.9549999 | E162: Mozilla/5.0 (Linux; Android 10; K) AppleWebKit/537.36 (KHTML, like Gecko) Chrome/144.0.0.0 Mobile Safari/537.36
... A244: 46041.757 | B244: New store | C244: https://www.google.com/maps/search/?api=1&query=26.1498545%2C91.7715468 | D244: 48.686001 | E244: Mozilla/5.0 (Linux; Android 10; K) AppleWebKit/537.36 (KHTML, like Gecko) Chrome/144.0.0.0 Mobile Safari/537.36
